word,weight,frequency,weight_pct,frequency_pct,hits
storm,749.785714286,14,0.0319028407922,0.000281503227233,10497
cloud,437.189189189,37,0.0186020843463,0.000743972814831,16176
comic,366.545454545,11,0.0155962444425,0.000221181107112,4032
dialer,351.818181818,11,0.0149696096211,0.000221181107112,3870
translate,320.428571429,14,0.0136340043626,0.000281503227233,4486
hour,286.272727273,11,0.0121806978545,0.000221181107112,3149
safari,284.357142857,14,0.0120991911207,0.000281503227233,3981
widget,279.058823529,17,0.0118737514587,0.000341825347355,4744
golden,275.666666667,12,0.0117294176334,0.000241288480486,3308
moon,272.954545455,22,0.011614018834,0.000442362214224,6005
capture,272.75,12,0.0116053155726,0.000241288480486,3273
local,260.159090909,44,0.0110695814815,0.000884724428448,11447
calendar,242.096774194,31,0.0103010429463,0.000623328574588,7505
fire,238.117647059,17,0.0101317339597,0.000341825347355,4048
rain,230.352941176,17,0.0098013513306,0.000341825347355,3916
web,213.71875,32,0.00909357850604,0.000643435947962,6839
midi,208.9,10,0.00888854417272,0.000201073733738,2089
screen,205.75,20,0.00875451394704,0.000402147467476,4115
blue,197.55,20,0.0084056098675,0.000402147467476,3951
professional,194.117647059,17,0.00825956572803,0.000341825347355,3300
streamer,183.454545455,22,0.00780585845361,0.000442362214224,4036
beat,179.266666667,15,0.00762766723486,0.000301610600607,2689
slide,155.9,10,0.00663343243909,0.000201073733738,1559
change,155.125,16,0.00660045674865,0.000321717973981,2482
days,154.0,33,0.00655258881091,0.000663543321336,5082
quality,152.8125,16,0.00650206154329,0.000321717973981,2445
drive,152.625,24,0.00649408355367,0.000482576960972,3663
machine,150.65,20,0.00641004872963,0.000402147467476,3013
night,147.956521739,23,0.00629544317434,0.000462469587598,3403
global,142.647058824,34,0.00606952936075,0.00068365069471,4850
speak,141.882352941,17,0.00603699167758,0.000341825347355,2412
player,141.184615385,130,0.00600730344832,0.0026139585386,18354
full,134.857142857,21,0.00573807406076,0.00042225484085,2832
red,133.814814815,27,0.00569372375512,0.000542899081093,3613
snap,128.296296296,27,0.00545891477657,0.000542899081093,3464
slideshow,125.375,16,0.00533461572836,0.000321717973981,2006
center,124.925925926,27,0.00531550795074,0.000542899081093,3373
weather,124.420886076,316,0.00529401886977,0.00635392998613,39317
forecasts,121.333333333,18,0.0051626457298,0.000361932720729,2184
flight,116.25,32,0.00494635356667,0.000643435947962,3720
videos,116.243902439,41,0.00494609411986,0.000824402308326,4766
recorder,115.62962963,54,0.00491995725533,0.00108579816219,6244
piano,114.884615385,26,0.00488825743711,0.000522791707719,2987
magic,114.485714286,35,0.00487128448336,0.000703758068084,4007
sun,108.0,12,0.00459532202323,0.000241288480486,1296
fake,107.642857143,28,0.00458012585252,0.000563006454467,3014
files,106.0,12,0.00451022346725,0.000241288480486,1272
air,104.517857143,56,0.00444715935879,0.00112601290893,5853
personal,102.615384615,26,0.00436621052635,0.000522791707719,2668
american,98.0833333333,12,0.00417337501647,0.000241288480486,1177
music,97.6604477612,268,0.0041553815407,0.00538877606418,26173
long,95.9,10,0.00408047575952,0.000201073733738,959
special,94.9,10,0.00403792648153,0.000201073733738,949
arcade,85.3076923077,13,0.00362978071493,0.00026139585386,1109
status,85.25,12,0.00362732594889,0.000241288480486,1023
beautiful,84.3529411765,17,0.00358915674364,0.000341825347355,1434
arena,83.7272727273,11,0.00356253500286,0.000221181107112,921
do,79.8035714286,56,0.00339558434554,0.00112601290893,4469
io,79.3333333333,12,0.0033755760541,0.000241288480486,952
forecast,77.6259541985,131,0.00330292830465,0.00263406591197,10169
browser,77.0789473684,38,0.00327965355898,0.000764080188205,2929
location,76.6857142857,35,0.00326292177523,0.000703758068084,2684
one,75.8510638298,47,0.00322740800095,0.000945046548569,3565
blur,75.84,25,0.00322693724298,0.000502684334345,1896
endless,74.8666666667,15,0.0031855226124,0.000301610600607,1123
virtual,73.0,34,0.00310609729348,0.00068365069471,2482
japanese,70.3571428571,14,0.00299364563021,0.000281503227233,985
report,69.4117647059,17,0.00295342047245,0.000341825347355,1180
note,68.6315789474,19,0.00292022413172,0.000382040094103,1304
reader,68.3538461538,65,0.00290840680188,0.0013069792693,4443
record,68.2903225806,31,0.00290570391971,0.000623328574588,2117
pro,66.6766256591,569,0.0028370422808,0.0114410954497,37939
monitor,66.0697674419,43,0.00281122090181,0.000864617055074,2841
beach,65.3076923077,13,0.00277879515507,0.00026139585386,849
camera,65.2772277228,101,0.00277749890898,0.00203084471076,6593
fight,62.5333333333,15,0.00266074818382,0.000301610600607,938
tours,62.3928571429,28,0.00265477102334,0.000563006454467,1747
interactive,60.5,10,0.00257423131857,0.000201073733738,605
die,60.3333333333,21,0.00256713977224,0.00042225484085,1267
recording,59.3333333333,12,0.00252459049425,0.000241288480486,712
pic,57.975,40,0.00246679439164,0.000804294934953,2319
plane,57.3076923077,13,0.00243840093113,0.00026139585386,745
instant,57.0,21,0.0024253088456,0.00042225484085,1197
audio,56.1818181818,66,0.00239049579996,0.00132708664267,3708
show,55.8709677419,31,0.00237726933818,0.000623328574588,1732
hide,54.6363636364,11,0.00232473782488,0.000221181107112,601
my,54.4435483871,124,0.00231653367524,0.00249331429835,6751
private,53.8695652174,23,0.00229211110579,0.000462469587598,1239
own,52.1875,16,0.00222054044525,0.000321717973981,835
budget,51.4615384615,26,0.00218965130594,0.000522791707719,1338
creator,51.0810810811,37,0.0021734631191,0.000743972814831,1890
plus,51.0,44,0.00217001317764,0.000884724428448,2244
vault,50.75,16,0.00215937585814,0.000321717973981,812
–,50.6478873239,284,0.0021550310375,0.00571049403816,14384
snow,49.4117647059,17,0.00210243491259,0.000341825347355,840
motion,49.125,16,0.0020902332814,0.000321717973981,786
castle,49.0769230769,13,0.00208818764304,0.00026139585386,638
playlist,48.8,15,0.00207640476605,0.000301610600607,732
iphone,48.1935483871,31,0.00205060068779,0.000623328574588,1494
ipad,47.7096774194,31,0.00203001232747,0.000623328574588,1479
video,45.7869565217,230,0.00194820194149,0.00462469587598,10531
master,45.2391304348,46,0.00192489233703,0.000924939175196,2081
album,45.2272727273,22,0.00192438780013,0.000442362214224,995
with,44.4484536082,194,0.00189124960893,0.00390083043452,8623
fast,44.1951219512,41,0.00188047052983,0.000824402308326,1812
events,43.8333333333,24,0.00186507668536,0.000482576960972,1052
on,43.6736842105,95,0.00185828373045,0.00191020047051,4149
manage,43.5714285714,14,0.00185393282683,0.000281503227233,610
information,43.2,10,0.00183812880929,0.000201073733738,432
point,42.3846153846,13,0.00180343478262,0.00026139585386,551
from,42.1666666667,30,0.00179416122203,0.000603221201214,1265
race,41.5588235294,34,0.00176829793541,0.00068365069471,1413
touch,41.25,20,0.00175515771721,0.000402147467476,825
city,41.1711711712,111,0.00175180360746,0.00223191844449,4570
finance,40.9583333333,24,0.00174274751113,0.000482576960972,983
healthy,40.875,16,0.00173920173796,0.000321717973981,654
atlas,39.4,15,0.00167644155292,0.000301610600607,591
split,39.2777777778,18,0.00167124108561,0.000361932720729,707
calls,39.2142857143,14,0.00166853954415,0.000281503227233,549
for,38.4930270714,1219,0.00163785050965,0.0245108881427,46923
secret,38.4848484848,33,0.0016375025167,0.000663543321336,1270
control,38.05,20,0.00161900002763,0.000402147467476,761
light,37.9285714286,14,0.00161383332959,0.000281503227233,531
old,36.9,10,0.00157006835794,0.000201073733738,369
wind,36.8571428571,21,0.00156824481745,0.00042225484085,774
windria,36.6,15,0.00155730357454,0.000301610600607,549
imessage,36.5833333333,12,0.00155659441991,0.000241288480486,439
clock,36.4473684211,38,0.00155080921106,0.000764080188205,1385
tale,36.3846153846,13,0.00154813911466,0.00026139585386,473
twitter,36.0625,16,0.00153443333762,0.000321717973981,577
your,36.0510638298,235,0.00153394673683,0.00472523274285,8472
quick,35.8709677419,31,0.00152628377833,0.000623328574588,1112
baseball,35.78125,32,0.00152246635318,0.000643435947962,1145
photo,35.3688311688,385,0.00150491822969,0.00774133874892,13617
client,35.3333333333,15,0.00150340782242,0.000301610600607,530
index,35.2666666667,15,0.00150057120388,0.000301610600607,529
radar,35.2105263158,38,0.00149818247249,0.000764080188205,1338
book,34.7547169811,212,0.00147878811439,0.00426276315525,7368
high,34.7037037037,27,0.00147661753627,0.000542899081093,937
mass,34.6363636364,11,0.00147375226503,0.000221181107112,381
life,34.125,56,0.00145199411151,0.00112601290893,1911
food,33.7666666667,30,0.00143674728689,0.000603221201214,1013
res,33.5,14,0.00142540081276,0.000281503227233,469
mixer,33.1666666667,12,0.0014112177201,0.000241288480486,398
simple,33.1463414634,41,0.00141035289737,0.000824402308326,1359
file,33.1052631579,19,0.00140860504513,0.000382040094103,629
keep,32.9285714286,14,0.00140108693962,0.000281503227233,461
an,32.8421052632,19,0.00139740786671,0.000382040094103,624
image,32.7727272727,22,0.00139445588331,0.000442362214224,721
timer,32.625,24,0.00138817019452,0.000482576960972,783
effect,32.5625,32,0.00138551086464,0.000643435947962,1042
go,32.0185185185,54,0.00136236484537,0.00108579816219,1729
by,31.6379310345,116,0.00134617112271,0.00233245531136,3670
photos,31.4754098361,61,0.00133925596306,0.0012265497758,1920
edit,31.3157894737,38,0.00133246423188,0.000764080188205,1190
text,31.2459016393,61,0.00132949055499,0.0012265497758,1906
gps,30.9607843137,153,0.00131735901864,0.00307642812619,4737
noaa,30.5909090909,22,0.00130162109496,0.000442362214224,673
safe,30.5333333333,15,0.00129917128805,0.000301610600607,458
create,30.3725490196,51,0.00129233003159,0.00102547604206,1549
scan,30.3703703704,27,0.00129223733164,0.000542899081093,820
speed,30.2678571429,56,0.00128787546782,0.00112601290893,1695
journal,30.25,12,0.00128711565929,0.000241288480486,363
notes,30.1025641026,39,0.0012808423683,0.000784187561579,1174
planner,29.8461538462,26,0.00126993229702,0.000522791707719,776
call,29.7916666667,24,0.00126761390687,0.000482576960972,715
space,29.7352941176,34,0.00126521529561,0.00068365069471,1011
football,29.6976744186,43,0.00126361460458,0.000864617055074,1277
get,29.625,56,0.00126052236054,0.00112601290893,1659
bmi,29.4615384615,13,0.0012535671901,0.00026139585386,383
online,29.1557377049,122,0.00124055558869,0.00245309955161,3557
candy,28.8571428571,21,0.00122785059351,0.00042225484085,606
,28.4242886516,15077,0.00120943295959,0.303158868357,428553
security,28.4210526316,19,0.00120929526927,0.000382040094103,540
tracker,28.324137931,145,0.00120517161874,0.0029155691392,4107
tube,28.0,13,0.0011913797838,0.00026139585386,364
meter,27.6470588235,17,0.00117636239157,0.000341825347355,470
phone,27.2894736842,38,0.00116114740207,0.000764080188205,1037
to,27.1589595376,346,0.00115559411936,0.00695715118734,9397
l,26.8333333333,30,0.00114173895948,0.000603221201214,805
thermometer,26.6923076923,13,0.00113573842027,0.00026139585386,347
day,26.4743589744,78,0.00112646485968,0.00156837512316,2065
nature,26.3076923077,13,0.00111937331335,0.00026139585386,342
sky,26.2285714286,35,0.00111600677707,0.000703758068084,918
of,26.2201492537,268,0.00111564841961,0.00538877606418,7027
filters,26.0769230769,26,0.0011095542492,0.000522791707719,678
ball,25.8846153846,52,0.00110137169574,0.00104558341544,1346
time,25.8,60,0.00109777137222,0.00120644240243,1548
art,25.5869565217,46,0.00108870652604,0.000924939175196,1177
ultimate,25.5454545455,22,0.00108694064691,0.000442362214224,562
effects,25.4901960784,51,0.00108458943903,0.00102547604206,1300
filter,25.4285714286,21,0.00108196735468,0.00042225484085,534
manager,25.3389830508,59,0.00107815543389,0.00118633502906,1495
drum,25.3,10,0.00107649673322,0.000201073733738,253
editor,25.225,200,0.00107330553737,0.00402147467476,5045
editing,24.9,10,0.00105947702202,0.000201073733738,249
pics,24.8095238095,21,0.00105562732544,0.00042225484085,521
and,24.7147826087,575,0.00105159615575,0.0115617396899,14211
podcast,24.4166666667,12,0.00103891153766,0.000241288480486,293
relax,24.3125,16,0.0010344793212,0.000321717973981,389
page,24.3076923077,13,0.00103427475737,0.00026139585386,316
logo,24.2857142857,21,0.0010333396084,0.00042225484085,510
quotes,24.2352941176,17,0.00103119426665,0.000341825347355,412
unlimited,24.2333333333,30,0.00103111083669,0.000603221201214,727
simulator,24.2277227723,101,0.00103087211137,0.00203084471076,2447
movie,24.2142857143,28,0.00103030037426,0.000563006454467,678
alerts,24.2,15,0.00102969252743,0.000301610600607,363
up,24.0769230769,52,0.00102445569321,0.00104558341544,1252
water,23.8888888889,27,0.00101645497427,0.000542899081093,645
wallpaper,23.8888888889,36,0.00101645497427,0.000723865441457,860
united,23.8,15,0.00101267281623,0.000301610600607,357
maker,23.7159763314,169,0.0010090976698,0.00339814610017,4008
it,23.6279069767,43,0.00100535038234,0.000864617055074,1016
tuner,23.5833333333,12,0.001003453806,0.000241288480486,283
cat,23.5135135135,37,0.00100048302308,0.000743972814831,870
advanced,23.5,10,0.000999908032833,0.000201073733738,235
things,23.3846153846,26,0.000994998500757,0.000522791707719,608
easily,23.3846153846,13,0.000994998500757,0.00026139585386,304
girl,23.375,24,0.000994589373084,0.000482576960972,561
voice,22.95,60,0.000976505929937,0.00120644240243,1377
in,22.893258427,178,0.000974091616972,0.00357911246054,4075
at,22.8181818182,22,0.000970897161474,0.000442362214224,502
you,22.5882352941,51,0.000961113102898,0.00102547604206,1152
current,22.2727272727,11,0.000947688464387,0.000221181107112,245
tool,22.2075471698,53,0.000944915098069,0.00106569078881,1177
emoji,22.1142857143,70,0.000940946890471,0.00140751613617,1548
list,21.95,40,0.000933956651944,0.000804294934953,878
loss,21.9333333333,15,0.000933247497311,0.000301610600607,329
complete,21.9166666667,12,0.000932538342678,0.000241288480486,263
canada,21.8,20,0.000927574260245,0.000402147467476,436
alarm,21.7666666667,30,0.000926155950979,0.000603221201214,653
gym,21.75,16,0.000925446796345,0.000321717973981,348
stock,21.6875,16,0.000922787466471,0.000321717973981,347
mark,21.6363636364,11,0.000920611651119,0.000221181107112,238
dress,21.5833333333,12,0.000918355250013,0.000241288480486,259
real,21.3870967742,62,0.000910005526106,0.00124665714918,1326
dj,21.0952380952,21,0.000897587150041,0.00042225484085,443
play,21.0166666667,60,0.000894243992484,0.00120644240243,1261
car,20.9857142857,140,0.000892926991022,0.00281503227233,2938
email,20.9230769231,13,0.000890261816467,0.00026139585386,272
paris,20.6666666667,12,0.000879351745187,0.000241288480486,248
vr,20.3484848485,66,0.000865813338552,0.00132708664267,1343
proxy,20.3333333333,12,0.000865168652522,0.000241288480486,244
vpn,20.3103448276,58,0.000864190508201,0.00116622765568,1178
account,20.2,10,0.000859495415457,0.000201073733738,202
reminder,20.1724137931,29,0.00085832164227,0.000583113827841,585
be,20.0952380952,21,0.000855037872048,0.00042225484085,422
step,20.0625,16,0.000853644889732,0.000321717973981,321
sleep,19.9333333333,45,0.000848148941325,0.000904831801822,897
premium,19.8148148148,27,0.000843106063933,0.000542899081093,535
gifs,19.7,10,0.00083822077646,0.000201073733738,197
collage,19.5405405405,37,0.000831435891591,0.000743972814831,723
youtube,19.2727272727,11,0.000820040630409,0.000221181107112,212
unit,19.2307692308,13,0.000818255346017,0.00026139585386,250
scanner,19.1666666667,66,0.000815527828197,0.00132708664267,1265
sound,19.0625,32,0.00081109561174,0.000643435947962,610
power,19.0454545455,22,0.000810370339956,0.000442362214224,419
battery,19.0,12,0.000808436281865,0.000241288480486,228
name,19.0,13,0.000808436281865,0.00026139585386,247
crop,18.9230769231,13,0.000805163260481,0.00026139585386,246
weight,18.8461538462,26,0.000801890239097,0.000522791707719,490
converter,18.7555555556,45,0.000798035347245,0.000904831801822,844
care,18.7428571429,35,0.000797495038953,0.000703758068084,656
controller,18.7272727273,11,0.000796831933322,0.000221181107112,206
perfect,18.6666666667,15,0.000794253189201,0.000301610600607,280
ninja,18.6451612903,31,0.000793338150964,0.000623328574588,578
song,18.5217391304,23,0.000788086627173,0.000462469587598,426
calculator,18.4193548387,124,0.000783730249482,0.00249331429835,2284
barcode,18.4166666667,12,0.000783615869703,0.000241288480486,221
daily,18.3384615385,65,0.000780288297962,0.0013069792693,1192
temperature,18.2727272727,11,0.000777491352416,0.000221181107112,201
a,18.2425742574,202,0.000776208363385,0.00406168942151,3685
view,18.2352941176,17,0.000775898598694,0.000341825347355,310
keyboard,17.8947368421,76,0.000761408132504,0.00152816037641,1360
bluetooth,17.8181818182,11,0.00075815077151,0.000221181107112,196
slow,17.8,10,0.000757377148274,0.000201073733738,178
social,17.6666666667,90,0.000751703911208,0.00180966360364,1590
travel,17.6402439024,164,0.000750579641667,0.00329760923331,2893
picture,17.6279069767,43,0.000750054714386,0.000864617055074,758
exchange,17.5833333333,12,0.000748158138042,0.000241288480486,211
jazz,17.5833333333,12,0.000748158138042,0.000241288480486,211
is,17.5652173913,23,0.000747387317788,0.000462469587598,404
sticker,17.5555555556,27,0.000746976213653,0.000542899081093,474
me,17.393442623,61,0.000740078425417,0.0012265497758,1061
data,17.3333333333,21,0.000737520818544,0.00042225484085,364
uv,17.1,10,0.000727592653679,0.000201073733738,171
expense,17.0,15,0.000723337725879,0.000301610600607,255
cam,17.0,22,0.000723337725879,0.000442362214224,374
share,16.8275862069,29,0.000716001643467,0.000583113827841,488
add,16.8,30,0.000714827870281,0.000603221201214,504
pregnancy,16.75,24,0.000712700406381,0.000482576960972,402
tv,16.7397260274,73,0.000712263256265,0.00146783825629,1222
the,16.6564417178,489,0.000708719569023,0.0098325055798,8145
password,16.6428571429,14,0.000708141555167,0.000281503227233,233
grid,16.6363636364,11,0.000707865261155,0.000221181107112,183
rate,16.4761904762,21,0.000701050008835,0.00042225484085,346
heart,16.4583333333,24,0.0007002902003,0.000482576960972,395
pdf,16.3958333333,48,0.000697630870425,0.000965153921943,787
guitar,16.380952381,21,0.000696997696646,0.00042225484085,344
pictures,16.380952381,21,0.000696997696646,0.00042225484085,344
all,16.3333333333,51,0.000694971540551,0.00102547604206,833
flow,16.0833333333,12,0.000684334221052,0.000241288480486,193
selfie,16.0294117647,34,0.000682039897239,0.00068365069471,545
tempo,16.0,12,0.000680788447886,0.000241288480486,192
currency,16.0,19,0.000680788447886,0.000382040094103,304
just,15.9090909091,11,0.000676920331705,0.000221181107112,175
save,15.88,25,0.000675682534527,0.000502684334345,397
find,15.8571428571,49,0.000674709979602,0.000985261295317,777
track,15.8541666667,48,0.000674583344846,0.000965153921943,761
date,15.7272727273,11,0.000669184099343,0.000221181107112,173
people,15.7222222222,18,0.000668969203999,0.000361932720729,283
background,15.7142857143,21,0.000668631511317,0.00042225484085,330
money,15.6458333333,48,0.000665718911931,0.000965153921943,751
beauty,15.6176470588,34,0.000664519606301,0.00068365069471,531
changer,15.55,20,0.00066164127279,0.000402147467476,311
gif,15.3793103448,29,0.000654378551201,0.000583113827841,446
stream,15.3636363636,11,0.000653711634618,0.000221181107112,169
stations,15.3469387755,49,0.000653001164299,0.000985261295317,752
free,15.3106796117,103,0.000651458363056,0.0020710594575,1577
merge,15.3,10,0.000651003953291,0.000201073733738,153
turn,15.1818181818,11,0.000645975402256,0.000221181107112,167
design,15.0689655172,29,0.000641173602858,0.000583113827841,437
home,15.06,50,0.000640792126573,0.00100536866869,753
reverse,15.0,10,0.000638239169893,0.000201073733738,150
low,14.9,10,0.000633984242094,0.000201073733738,149
charts,14.8461538462,13,0.000631693127125,0.00026139585386,193
followers,14.8378378378,37,0.000631339286976,0.000743972814831,549
reference,14.8,10,0.000629729314295,0.000201073733738,148
anime,14.7,10,0.000625474386496,0.000201073733738,147
break,14.6923076923,13,0.000625147084357,0.00026139585386,191
instagram,14.6774193548,62,0.000624513596347,0.00124665714918,910
stress,14.65,20,0.000623346922596,0.000402147467476,293
dictionary,14.6202531646,79,0.000622081216225,0.00158848249653,1155
live,14.6052631579,190,0.000621443402265,0.00382040094103,2775
action,14.56,25,0.000619517487577,0.000502684334345,364
no,14.5555555556,18,0.000619328379674,0.000361932720729,262
awesome,14.5454545455,11,0.000618898588988,0.000221181107112,160
mosaic,14.5384615385,13,0.000618601041589,0.00026139585386,189
easy,14.406779661,59,0.000612998072779,0.00118633502906,850
documents,14.3636363636,11,0.000611162356625,0.000221181107112,158
document,14.3333333333,15,0.000609872984565,0.000301610600607,215
smart,14.3012048193,83,0.000608505939489,0.00166891199003,1187
body,14.2941176471,34,0.000608204385428,0.00068365069471,486
compass,14.2857142857,21,0.00060784682847,0.00042225484085,300
|,14.1538461538,52,0.000602235934669,0.00104558341544,736
wifi,14.1176470588,17,0.000600695689311,0.000341825347355,240
run,14.0476190476,42,0.000597716047995,0.0008445096817,590
check,14.0,21,0.000595689891901,0.00042225484085,294
builder,14.0,11,0.000595689891901,0.000221181107112,154
counter,13.9655172414,29,0.000594222675418,0.000583113827841,405
auto,13.9193548387,62,0.000592258498514,0.00124665714918,863
contacts,13.9,10,0.000591434964101,0.000201073733738,139
makeup,13.9,10,0.000591434964101,0.000201073733738,139
holy,13.8888888889,18,0.000590962194346,0.000361932720729,250
can,13.8571428571,14,0.000589611423616,0.000281503227233,194
strike,13.8,10,0.000587180036302,0.000201073733738,138
secure,13.7777777778,18,0.000586234496791,0.000361932720729,248
cube,13.7333333333,15,0.000584343417769,0.000301610600607,206
s,13.610619469,226,0.000579122031443,0.00454426638248,3076
lab,13.5625,16,0.000577074582779,0.000321717973981,217
lights,13.5555555556,27,0.000576779101681,0.000542899081093,366
route,13.5384615385,13,0.000576051763596,0.00026139585386,176
multiple,13.5,10,0.000574415252904,0.000201073733738,135
vs,13.4545454545,11,0.000572481194814,0.000221181107112,148
google,13.4166666667,12,0.000570869479738,0.000241288480486,161
network,13.3870967742,31,0.000569611302163,0.000623328574588,415
king,13.380952381,21,0.000569349862667,0.00042225484085,281
education,13.3076923077,13,0.000566232699444,0.00026139585386,173
app,13.2736842105,380,0.000564785679464,0.00764080188205,5044
messages,13.2727272727,11,0.000564744962451,0.000221181107112,146
snapchat,13.2727272727,11,0.000564744962451,0.000221181107112,146
northern,13.2307692308,26,0.00056295967806,0.000522791707719,344
apps,13.125,24,0.000558459273657,0.000482576960972,315
send,13.1,10,0.000557395541707,0.000201073733738,131
baby,13.0149253731,67,0.000553775677758,0.00134719401605,872
songs,13.0,28,0.000553140613908,0.000563006454467,364
meme,12.9090909091,11,0.000549272497726,0.000221181107112,142
latest,12.9090909091,11,0.000549272497726,0.000221181107112,142
h,12.8947368421,19,0.00054866174254,0.000382040094103,245
mini,12.8928571429,28,0.000548581762694,0.000563006454467,361
toddlers,12.8387096774,31,0.000546277827135,0.000623328574588,398
doctor,12.8333333333,12,0.000546049067575,0.000241288480486,154
management,12.8275862069,29,0.000545804531495,0.000583113827841,372
hd,12.8235294118,85,0.000545631917791,0.00170912673677,1090
schedule,12.7647058824,17,0.000543129019086,0.000341825347355,217
games,12.75,180,0.000542503294409,0.00361932720729,2295
shot,12.6923076923,13,0.000540048528371,0.00026139585386,165
tools,12.6666666667,18,0.000538957521243,0.000361932720729,228
square,12.6363636364,11,0.000537668149183,0.000221181107112,139
generator,12.6206896552,29,0.0005370012326,0.000583113827841,366
thug,12.6,10,0.00053612090271,0.000201073733738,126
diary,12.5333333333,15,0.000533284284178,0.000301610600607,188
reality,12.5,24,0.000531865974911,0.000482576960972,300
translator,12.4705882353,51,0.000530614525558,0.00102547604206,636
jump,12.4418604651,43,0.000529392179679,0.000864617055074,535
backup,12.4166666667,12,0.000528320201745,0.000241288480486,149
speedometer,12.3636363636,11,0.000526063800639,0.000221181107112,136
random,12.25,12,0.000521228655413,0.000241288480486,147
cut,12.2,20,0.000519101191513,0.000402147467476,244
mobile,12.1793103448,145,0.000518220861624,0.0029155691392,1766
search,12.1333333333,30,0.00051626457298,0.000603221201214,364
story,12.1304347826,23,0.00051614124174,0.000462469587598,279
multi,11.9333333333,15,0.000507754717382,0.000301610600607,179
stories,11.9318181818,44,0.000507690248779,0.000884724428448,525
speech,11.9285714286,14,0.000507552101772,0.000281503227233,167
viewer,11.875,16,0.000505272676166,0.000321717973981,190
alert,11.8636363636,44,0.000504789161643,0.000884724428448,522
store,11.8571428571,14,0.00050451286763,0.000281503227233,166
like,11.8333333333,12,0.000503499789583,0.000241288480486,142
face,11.8260869565,46,0.000503191461481,0.000924939175196,544
places,11.7333333333,15,0.000499244861783,0.000301610600607,176
assistant,11.7272727273,22,0.000498986987371,0.000442362214224,258
more,11.71875,32,0.000498624351479,0.000643435947962,375
maps,11.7118644068,59,0.000498331374459,0.00118633502906,691
open,11.7,10,0.000497826552517,0.000201073733738,117
swap,11.6923076923,13,0.000497499250378,0.00026139585386,152
watch,11.6923076923,26,0.000497499250378,0.000522791707719,304
study,11.6551724138,29,0.00049591917109,0.000583113827841,338
escape,11.6037735849,53,0.000493732188031,0.00106569078881,615
code,11.5675675676,37,0.000492191648134,0.000743972814831,428
map,11.4571428571,210,0.000487493156433,0.0042225484085,2406
channel,11.4444444444,18,0.000486952848141,0.000361932720729,206
noise,11.4347826087,23,0.000486541744006,0.000462469587598,263
remote,11.4285714286,14,0.000486277462776,0.000281503227233,160
mail,11.4,10,0.000485061769119,0.000201073733738,114
now,11.358974359,39,0.000483316157714,0.000784187561579,443
human,11.3076923077,13,0.000481134143458,0.00026139585386,147
read,11.3043478261,23,0.000480991838181,0.000462469587598,260
traffic,11.2,45,0.00047655191352,0.000904831801822,504
sounds,11.1851851852,81,0.000475921553846,0.00162869724328,906
make,11.08,50,0.000471446000161,0.00100536866869,554
words,11.0697674419,43,0.0004710106122,0.000864617055074,476
what,11.0,14,0.000468042057922,0.000281503227233,154
cool,10.9642857143,28,0.000466522440851,0.000563006454467,307
animated,10.9230769231,26,0.000464769036538,0.000522791707719,284
companion,10.9,10,0.000463787130123,0.000201073733738,109
wallpapers,10.9,40,0.000463787130123,0.000804294934953,436
box,10.9,30,0.000463787130123,0.000603221201214,327
draw,10.8095238095,21,0.000459937433542,0.00042225484085,227
amazing,10.7931034483,29,0.000459238759027,0.000583113827841,313
number,10.7222222222,18,0.000456222814035,0.000361932720729,193
manual,10.6666666667,15,0.000453858965258,0.000301610600607,160
drops,10.6153846154,13,0.000451676951002,0.00026139585386,138
frame,10.5813953488,43,0.00045023073225,0.000864617055074,455
anonymous,10.5,10,0.000446767418925,0.000201073733738,105
great,10.4210526316,19,0.0004434082654,0.000382040094103,198
today,10.4210526316,38,0.0004434082654,0.000764080188205,396
level,10.4,15,0.000442512491126,0.000301610600607,156
hot,10.4,25,0.000442512491126,0.000502684334345,260
id,10.3333333333,21,0.000439675872593,0.00042225484085,217
town,10.3076923077,13,0.000438584865465,0.00026139585386,134
pixel,10.2727272727,11,0.000437097128472,0.000221181107112,113
gold,10.25,16,0.000436130099427,0.000321717973981,164
fly,10.2352941176,17,0.000435504374751,0.000341825347355,174
tracking,10.1428571429,14,0.000431571248214,0.000281503227233,142
color,10.0227272727,88,0.000426459808974,0.0017694488569,882
prank,10.0,12,0.000425492779929,0.000241288480486,120
lock,9.95833333333,24,0.000423719893346,0.000482576960972,239
first,9.88,25,0.00042038686657,0.000502684334345,247
betting,9.8125,16,0.000417514790305,0.000321717973981,157
cars,9.80952380952,21,0.000417388155549,0.00042225484085,206
studio,9.78378378378,37,0.000416292936039,0.000743972814831,362
sing,9.75,12,0.000414855460431,0.000241288480486,117
super,9.70833333333,48,0.000413082573848,0.000965153921943,466
adults,9.62857142857,35,0.000409688762389,0.000703758068084,337
insta,9.61904761905,21,0.00040928353117,0.00042225484085,202
—,9.59259259259,27,0.000408157888895,0.000542899081093,259
x,9.58333333333,24,0.000407763914099,0.000482576960972,230
college,9.57142857143,14,0.000407257375075,0.000281503227233,134
info,9.54545454545,22,0.000406152199023,0.000442362214224,210
stickers,9.54237288136,118,0.000406021076441,0.00237267005811,1126
times,9.53846153846,13,0.000405854651625,0.00026139585386,124
mind,9.53846153846,13,0.000405854651625,0.00026139585386,124
message,9.51851851852,27,0.000405006090525,0.000542899081093,257
hit,9.5,10,0.000404218140933,0.000201073733738,95
world,9.45864661654,133,0.000402458584324,0.00267428065872,1258
paper,9.4375,16,0.000401558811058,0.000321717973981,151
medical,9.42857142857,28,0.00040117890679,0.000563006454467,264
pop,9.41176470588,17,0.000400463792874,0.000341825347355,160
about,9.4,15,0.000399963213133,0.000301610600607,141
fx,9.35714285714,14,0.000398139672648,0.000281503227233,131
bible,9.32222222222,90,0.000396653824845,0.00180966360364,839
black,9.3125,16,0.000396240151309,0.000321717973981,149
profile,9.3,10,0.000395708285334,0.000201073733738,93
tests,9.3,10,0.000395708285334,0.000201073733738,93
trending,9.3,10,0.000395708285334,0.000201073733738,93
fonts,9.27272727273,11,0.00039454785048,0.000221181107112,102
white,9.25,32,0.000393580821434,0.000643435947962,296
reading,9.2380952381,21,0.000393074282411,0.00042225484085,194
likes,9.20689655172,29,0.000391746800831,0.000583113827841,267
wx,9.13333333333,15,0.000388616739002,0.000301610600607,137
media,9.125,24,0.000388262161685,0.000482576960972,219
star,9.1,20,0.000387198429735,0.000402147467476,182
florida,9.1,10,0.000387198429735,0.000201073733738,91
who,9.07692307692,13,0.00038621652332,0.00026139585386,118
best,9.05882352941,119,0.000385446400642,0.00239277743148,1078
fantasy,9.0,16,0.000382943501936,0.000321717973981,144
lite,8.9797979798,99,0.000382083920562,0.00199062996401,889
ocean,8.94736842105,19,0.000380704066252,0.000382040094103,170
volume,8.9,10,0.000378688574137,0.000201073733738,89
roll,8.9,10,0.000378688574137,0.000201073733738,89
north,8.89473684211,19,0.000378464630568,0.000382040094103,169
ringtones,8.86206896552,29,0.000377074636006,0.000583113827841,257
stars,8.85714285714,14,0.000376865033651,0.000281503227233,124
anatomy,8.85714285714,14,0.000376865033651,0.000281503227233,124
racing,8.77586206897,58,0.0003734065948,0.00116622765568,509
themes,8.75,16,0.000372306182438,0.000321717973981,140
tree,8.66666666667,12,0.000368760409272,0.000241288480486,104
marine,8.65217391304,23,0.000368143753069,0.000462469587598,199
paint,8.63636363636,22,0.000367471037211,0.000442362214224,190
connect,8.625,32,0.000366987522689,0.000643435947962,276
chinese,8.61290322581,31,0.000366472813681,0.000623328574588,267
streaming,8.6,35,0.000365923790739,0.000703758068084,301
tap,8.52380952381,21,0.000362681940987,0.00042225484085,179
don,8.5,12,0.00036166886294,0.000241288480486,102
relaxing,8.46153846154,13,0.000360032352248,0.00026139585386,110
system,8.41176470588,17,0.000357914514881,0.000341825347355,143
hip,8.36363636364,11,0.000355866688668,0.000221181107112,92
finder,8.36,25,0.000355711964021,0.000502684334345,209
dash,8.35714285714,14,0.000355590394655,0.000281503227233,117
street,8.33333333333,30,0.000354577316607,0.000603221201214,250
work,8.3125,16,0.000353690873316,0.000321717973981,133
scientific,8.3,10,0.000353159007341,0.000201073733738,83
chat,8.23255813953,86,0.000350289404872,0.00172923411015,708
listen,8.23076923077,13,0.000350213288095,0.00026139585386,107
construction,8.23076923077,13,0.000350213288095,0.00026139585386,107
backgrounds,8.2,15,0.000348904079542,0.000301610600607,123
us,8.17142857143,35,0.000347688385885,0.000703758068084,286
shopping,8.16666666667,12,0.000347485770275,0.000241288480486,98
classic,8.16666666667,48,0.000347485770275,0.000965153921943,392
sale,8.09090909091,11,0.000344262340124,0.000221181107112,89
word,8.08108108108,37,0.000343844165402,0.000743972814831,299
law,8.07692307692,13,0.000343667245327,0.00026139585386,105
analytics,8.05882352941,17,0.000342897122649,0.000341825347355,137
wallet,8.0,21,0.000340394223943,0.00042225484085,168
lakes,8.0,11,0.000340394223943,0.000221181107112,88
anti,8.0,11,0.000340394223943,0.000221181107112,88
frames,7.93333333333,45,0.00033755760541,0.000904831801822,357
library,7.92857142857,14,0.000337354989801,0.000281503227233,111
station,7.90909090909,22,0.000336526107762,0.000442362214224,174
grand,7.90909090909,11,0.000336526107762,0.000221181107112,87
how,7.89285714286,28,0.00033583537273,0.000563006454467,221
pages,7.88461538462,52,0.000335484691867,0.00104558341544,410
puzzle,7.85271317829,129,0.000334127276022,0.00259385116522,1013
france,7.8125,16,0.00033241623432,0.000321717973981,125
flying,7.80952380952,21,0.000332289599564,0.00042225484085,164
ng,7.80769230769,26,0.000332211670483,0.000522791707719,203
news,7.8,160,0.000331884368345,0.00321717973981,1248
sales,7.8,15,0.000331884368345,0.000301610600607,117
top,7.76,25,0.000330182397225,0.000502684334345,194
english,7.7385620915,153,0.000329270229697,0.00307642812619,1184
commando,7.71428571429,14,0.000328237287374,0.000281503227233,108
soccer,7.70731707317,41,0.000327940776726,0.000824402308326,316
horror,7.7,10,0.000327629440545,0.000201073733738,77
japan,7.7,10,0.000327629440545,0.000201073733738,77
usa,7.69230769231,26,0.000327302138407,0.000522791707719,200
discover,7.66666666667,15,0.000326211131279,0.000301610600607,115
out,7.6,15,0.000323374512746,0.000301610600607,114
fidget,7.6,15,0.000323374512746,0.000301610600607,114
!,7.6,25,0.000323374512746,0.000502684334345,190
/,7.59183673469,49,0.000323027171701,0.000985261295317,372
block,7.58333333333,36,0.000322665358113,0.000723865441457,273
sweet,7.57142857143,14,0.000322158819089,0.000281503227233,106
workout,7.56363636364,55,0.000321827266274,0.00110590553556,416
therapy,7.55,20,0.000321247048846,0.000402147467476,151
focus,7.54545454545,11,0.000321053643037,0.000221181107112,83
west,7.53333333333,15,0.000320537894213,0.000301610600607,113
hotels,7.52941176471,17,0.000320371034299,0.000341825347355,128
colors,7.5,10,0.000319119584947,0.000201073733738,75
hop,7.5,14,0.000319119584947,0.000281503227233,105
fitness,7.4776119403,67,0.000318166989171,0.00134719401605,501
santa,7.46666666667,15,0.00031770127568,0.000301610600607,112
digital,7.45,20,0.000316992121047,0.000402147467476,149
b,7.4375,32,0.000316460255072,0.000643435947962,238
bar,7.41666666667,12,0.000315573811781,0.000241288480486,89
tech,7.41666666667,12,0.000315573811781,0.000241288480486,89
spinner,7.4,15,0.000314864657147,0.000301610600607,111
brain,7.38888888889,36,0.000314391887392,0.000723865441457,266
fat,7.38461538462,13,0.000314210052871,0.00026139585386,96
audiobook,7.36363636364,11,0.000313317410675,0.000221181107112,81
modern,7.36363636364,11,0.000313317410675,0.000221181107112,81
shooting,7.33333333333,33,0.000312028038615,0.000663543321336,242
game,7.27888446215,251,0.000309711278458,0.00504695071683,1827
funny,7.27659574468,47,0.000309613895182,0.000945046548569,342
trip,7.26666666667,15,0.000309191420082,0.000301610600607,109
w,7.25,12,0.000308482265448,0.000241288480486,87
booth,7.21428571429,14,0.000306962648377,0.000281503227233,101
fm,7.21348314607,89,0.000306928499679,0.00178955623027,642
messenger,7.1875,16,0.000305822935574,0.000321717973981,115
ship,7.18181818182,11,0.000305581178313,0.000221181107112,79
army,7.15,20,0.000304227337649,0.000402147467476,143
area,7.1,10,0.00030209987375,0.000201073733738,71
offline,7.07849829352,293,0.000301184991663,0.00589146039853,2074
war,7.02564102564,39,0.000298935953078,0.000784187561579,274
manga,7.0,33,0.00029784494595,0.000663543321336,231
per,7.0,13,0.00029784494595,0.00026139585386,91
contact,7.0,12,0.00029784494595,0.000241288480486,84
pink,7.0,14,0.00029784494595,0.000281503227233,98
mandala,7.0,11,0.00029784494595,0.000221181107112,77
craft,7.0,12,0.00029784494595,0.000241288480486,84
style,6.95454545455,22,0.00029591088786,0.000442362214224,153
survival,6.95,20,0.000295717482051,0.000402147467476,139
~,6.91666666667,12,0.000294299172784,0.000241288480486,83
object,6.90909090909,11,0.000293976829769,0.000221181107112,76
pocket,6.90769230769,65,0.000293917320289,0.0013069792693,449
fighter,6.9,10,0.000293590018151,0.000201073733738,69
pos,6.9,10,0.000293590018151,0.000201073733738,69
green,6.9,10,0.000293590018151,0.000201073733738,69
net,6.88888888889,18,0.000293117248396,0.000361932720729,124
minecraft,6.86206896552,58,0.00029197608002,0.00116622765568,398
cartoon,6.85714285714,21,0.000291766477666,0.00042225484085,144
talk,6.83333333333,18,0.000290753399618,0.000361932720729,123
course,6.8064516129,31,0.000289609601823,0.000623328574588,211
ice,6.8,10,0.000289335090352,0.000201073733738,68
event,6.8,15,0.000289335090352,0.000301610600607,102
math,6.78260869565,23,0.000288595102908,0.000462469587598,156
five,6.76923076923,13,0.000288025881798,0.00026139585386,88
robot,6.72727272727,22,0.000286240597407,0.000442362214224,148
fun,6.72058823529,68,0.000285956177099,0.00136730138942,457
india,6.71428571429,14,0.000285688009381,0.000281503227233,94
women,6.7,10,0.000285080162552,0.000201073733738,67
stop,6.69230769231,13,0.000284752860414,0.00026139585386,87
mix,6.69230769231,13,0.000284752860414,0.00026139585386,87
quiz,6.6875,64,0.000284548296577,0.00128687189592,428
dog,6.64102564103,39,0.000282570846158,0.000784187561579,259
zombie,6.63157894737,19,0.000282168896163,0.000382040094103,126
language,6.625,24,0.000281888966703,0.000482576960972,159
feed,6.6,10,0.000280825234753,0.000201073733738,66
hunter,6.6,15,0.000280825234753,0.000301610600607,99
basketball,6.59090909091,22,0.000280438423135,0.000442362214224,145
meditation,6.58333333333,24,0.00028011608012,0.000482576960972,158
sharing,6.58333333333,12,0.00028011608012,0.000241288480486,79
attack,6.57142857143,14,0.000279609541096,0.000281503227233,92
business,6.53125,32,0.000277899971891,0.000643435947962,209
adult,6.52,25,0.000277421292514,0.000502684334345,163
friends,6.51428571429,35,0.000277178153782,0.000703758068084,228
warrior,6.5,14,0.000276570306954,0.000281503227233,91
o,6.5,18,0.000276570306954,0.000361932720729,117
road,6.46875,32,0.000275240642017,0.000643435947962,207
ar,6.45,20,0.000274442843054,0.000402147467476,129
cute,6.41304347826,46,0.000272870369737,0.000924939175196,295
archery,6.4,10,0.000272315379155,0.000201073733738,64
schweiz,6.4,10,0.000272315379155,0.000201073733738,64
way,6.38461538462,13,0.000271660774878,0.00026139585386,83
public,6.38461538462,13,0.000271660774878,0.00026139585386,83
york,6.33333333333,15,0.000269478760622,0.000301610600607,95
shooter,6.33333333333,33,0.000269478760622,0.000663543321336,209
r,6.33333333333,27,0.000269478760622,0.000542899081093,171
sniper,6.31707317073,41,0.000268786902443,0.000824402308326,259
sports,6.30508474576,59,0.000268276803616,0.00118633502906,372
price,6.3,10,0.000268060451355,0.000201073733738,63
analysis,6.3,10,0.000268060451355,0.000201073733738,63
fighting,6.3,10,0.000268060451355,0.000201073733738,63
big,6.28571428571,28,0.000267452604527,0.000563006454467,176
match,6.28125,32,0.000267262652393,0.000643435947962,201
off,6.27272727273,22,0.000266900016501,0.000442362214224,138
minute,6.27272727273,11,0.000266900016501,0.000221181107112,69
ancient,6.27272727273,11,0.000266900016501,0.000221181107112,69
hair,6.21212121212,33,0.00026432127238,0.000663543321336,205
exercise,6.2,10,0.000263805523556,0.000201073733738,62
man,6.1875,16,0.000263273657581,0.000321717973981,99
test,6.18292682927,82,0.000263079072468,0.00164880461665,507
love,6.15217391304,46,0.000261770558087,0.000924939175196,283
not,6.14285714286,14,0.000261374136242,0.000281503227233,86
training,6.13793103448,58,0.000261164533887,0.00116622765568,356
qr,6.08333333333,24,0.000258841441123,0.000482576960972,146
battle,6.0303030303,33,0.000256585040018,0.000663543321336,199
books,6.02941176471,34,0.00025654711731,0.00068365069471,205
new,6.01052631579,95,0.000255743555094,0.00191020047051,571
line,6.0,13,0.000255295667957,0.00026139585386,78
men,6.0,12,0.000255295667957,0.000241288480486,72
extreme,6.0,29,0.000255295667957,0.000583113827841,174
racer,6.0,13,0.000255295667957,0.00026139585386,78
medicine,6.0,15,0.000255295667957,0.000301610600607,90
office,6.0,13,0.000255295667957,0.00026139585386,78
radio,5.97701149425,348,0.000254317523636,0.00699736593409,2080
emojis,5.97058823529,34,0.000254044218605,0.00068365069471,203
official,5.95238095238,21,0.000253269511862,0.00042225484085,125
edition,5.95180722892,83,0.000253245100343,0.00166891199003,494
shoot,5.9375,16,0.000252636338083,0.000321717973981,95
metro,5.92307692308,13,0.000252022646573,0.00026139585386,77
tank,5.91666666667,12,0.000251749894791,0.000241288480486,71
cards,5.90909090909,33,0.000251427551776,0.000663543321336,195
pe,5.87804878049,41,0.000250106731617,0.000824402308326,241
garden,5.85714285714,14,0.000249217199673,0.000281503227233,82
heroes,5.81818181818,11,0.000247559435595,0.000221181107112,64
handbook,5.8,10,0.000246785812359,0.000201073733738,58
brick,5.8,10,0.000246785812359,0.000201073733738,58
offroad,5.76923076923,13,0.000245476603805,0.00026139585386,75
fans,5.76923076923,13,0.000245476603805,0.00026139585386,75
fishing,5.75,20,0.000244658348459,0.000402147467476,115
radios,5.75,28,0.000244658348459,0.000563006454467,161
vol,5.75,12,0.000244658348459,0.000241288480486,69
del,5.75,12,0.000244658348459,0.000241288480486,69
m,5.74358974359,39,0.000244385596677,0.000784187561579,224
navigation,5.74137931034,58,0.000244291544339,0.00116622765568,333
ti,5.73333333333,15,0.000243949193826,0.000301610600607,86
der,5.72727272727,11,0.000243691319414,0.000221181107112,63
diet,5.71428571429,35,0.000243138731388,0.000703758068084,200
horse,5.7,10,0.00024253088456,0.000201073733738,57
hero,5.69230769231,26,0.000242203582421,0.000522791707719,148
wedding,5.6875,16,0.000241999018585,0.000321717973981,91
hidden,5.66666666667,27,0.000241112575293,0.000542899081093,153
log,5.64285714286,14,0.000240099497246,0.000281503227233,79
rider,5.64285714286,14,0.000240099497246,0.000281503227233,79
bike,5.60714285714,28,0.000238579880174,0.000563006454467,157
christmas,5.6,10,0.00023827595676,0.000201073733738,56
adventure,5.5671641791,67,0.000236878816289,0.00134719401605,373
train,5.55555555556,18,0.000236384877738,0.000361932720729,100
sim,5.53571428571,28,0.000235540646032,0.000563006454467,155
self,5.52380952381,21,0.000235034107008,0.00042225484085,116
rock,5.5,16,0.000234021028961,0.000321717973981,88
airplane,5.5,10,0.000234021028961,0.000201073733738,55
toy,5.5,12,0.000234021028961,0.000241288480486,66
muscle,5.46666666667,15,0.000232602719694,0.000301610600607,82
cup,5.45454545455,11,0.00023208697087,0.000221181107112,60
plan,5.44827586207,29,0.000231820204237,0.000583113827841,158
addons,5.42105263158,19,0.000230661875435,0.000382040094103,103
mission,5.41666666667,12,0.000230475255795,0.000241288480486,65
bitcoin,5.41666666667,12,0.000230475255795,0.000241288480486,65
pack,5.4,10,0.000229766101162,0.000201073733738,54
running,5.38461538462,13,0.000229111496885,0.00026139585386,70
chicken,5.38461538462,13,0.000229111496885,0.00026139585386,70
fox,5.36363636364,22,0.000228218854689,0.000442362214224,118
trainer,5.35,20,0.000227638637262,0.000402147467476,107
tips,5.34,50,0.000227213144482,0.00100536866869,267
republic,5.33333333333,12,0.000226929482629,0.000241288480486,64
clinical,5.30769230769,13,0.000225838475501,0.00026139585386,69
dragon,5.30769230769,13,0.000225838475501,0.00026139585386,69
parking,5.27586206897,29,0.000224484121825,0.000583113827841,153
colorful,5.27272727273,11,0.000224350738508,0.000221181107112,58
near,5.27272727273,11,0.000224350738508,0.000221181107112,58
drawing,5.25806451613,31,0.000223726848801,0.000623328574588,163
practice,5.25,44,0.000223383709463,0.000884724428448,231
th,5.25,12,0.000223383709463,0.000241288480486,63
mania,5.25,16,0.000223383709463,0.000321717973981,84
greeting,5.22222222222,18,0.000222201785074,0.000361932720729,94
k,5.21739130435,23,0.000221996233006,0.000462469587598,120
birthday,5.21428571429,14,0.000221864092392,0.000281503227233,73
coast,5.21428571429,14,0.000221864092392,0.000281503227233,73
oil,5.2,10,0.000221256245563,0.000201073733738,52
help,5.2,10,0.000221256245563,0.000201073733738,52
national,5.19047619048,21,0.000220851014344,0.00042225484085,109
lost,5.16666666667,12,0.000219837936297,0.000241288480486,62
mi,5.13636363636,22,0.000218548564236,0.000442362214224,113
superhero,5.1,10,0.000217001317764,0.000201073733738,51
easter,5.1,40,0.000217001317764,0.000804294934953,204
happy,5.09677419355,31,0.000216864062028,0.000623328574588,158
valley,5.09090909091,11,0.000216614506146,0.000221181107112,56
pet,5.09090909091,11,0.000216614506146,0.000221181107112,56
zoo,5.08333333333,24,0.000216292163131,0.000482576960972,122
cargo,5.06666666667,15,0.000215583008497,0.000301610600607,76
driving,5.05263157895,38,0.000214985825648,0.000764080188205,192
board,5.04166666667,24,0.000214519276548,0.000482576960972,121
or,5.04,25,0.000214448361084,0.000502684334345,126
crazy,5.03125,32,0.000214076054902,0.000643435947962,161
coloring,5.0,207,0.000212746389964,0.00416222628838,1035
six,5.0,11,0.000212746389964,0.000221181107112,55
quest,5.0,10,0.000212746389964,0.000201073733738,50
rush,5.0,29,0.000212746389964,0.000583113827841,145
questions,5.0,14,0.000212746389964,0.000281503227233,70
london,5.0,12,0.000212746389964,0.000241288480486,60
holiday,5.0,11,0.000212746389964,0.000221181107112,55
mountain,5.0,14,0.000212746389964,0.000281503227233,70
bus,5.0,23,0.000212746389964,0.000462469587598,115
singles,4.94736842105,19,0.000210506954281,0.000382040094103,94
hiking,4.94736842105,19,0.000210506954281,0.000382040094103,94
bird,4.92592592593,27,0.000209594591595,0.000542899081093,133
sea,4.92,25,0.000209342447725,0.000502684334345,123
makeover,4.91666666667,12,0.000209200616798,0.000241288480486,59
marketing,4.90909090909,11,0.000208878273783,0.000221181107112,54
monster,4.88888888889,27,0.00020801869241,0.000542899081093,132
learn,4.86,150,0.000206789491045,0.00301610600607,729
am,4.85714285714,14,0.00020666792168,0.000281503227233,68
animal,4.85245901639,61,0.000206468627638,0.0012265497758,296
meet,4.85185185185,27,0.000206442793225,0.000542899081093,131
challenge,4.83333333333,48,0.000205654843632,0.000965153921943,232
core,4.83333333333,12,0.000205654843632,0.000241288480486,58
dr,4.82352941176,17,0.000205237693848,0.000341825347355,82
hill,4.81818181818,11,0.000205010157602,0.000221181107112,53
party,4.81818181818,11,0.000205010157602,0.000221181107112,53
ring,4.81818181818,11,0.000205010157602,0.000221181107112,53
gun,4.8125,16,0.000204768400341,0.000321717973981,77
boys,4.8,10,0.000204236534366,0.000201073733738,48
history,4.8,10,0.000204236534366,0.000201073733738,48
park,4.78947368421,19,0.000203788647229,0.000382040094103,91
san,4.78571428571,14,0.000203628687537,0.000281503227233,67
uk,4.77777777778,18,0.000203290994855,0.000361932720729,86
hunting,4.77419354839,31,0.000203138488482,0.000623328574588,148
driver,4.76923076923,39,0.000202927325812,0.000784187561579,186
t,4.76404494382,89,0.000202706672685,0.00178955623027,424
transport,4.7619047619,21,0.00020261560949,0.00042225484085,100
rooms,4.75,16,0.000202109070466,0.000321717973981,76
i,4.73333333333,90,0.000201399915833,0.00180966360364,426
dating,4.73214285714,56,0.000201349261931,0.00112601290893,265
version,4.72,25,0.000200832592126,0.000502684334345,118
shop,4.7,10,0.000199981606567,0.000201073733738,47
tourist,4.68965517241,87,0.000199541441622,0.00174934148352,408
runner,4.68965517241,29,0.000199541441622,0.000583113827841,136
police,4.68421052632,19,0.000199309775861,0.000382040094103,89
fan,4.68181818182,22,0.00019920798333,0.000442362214224,103
card,4.65714285714,35,0.000198158066081,0.000703758068084,163
jumping,4.64285714286,14,0.000197550219253,0.000281503227233,65
exercises,4.63157894737,19,0.000197070340178,0.000382040094103,88
deer,4.61538461538,13,0.000196381283044,0.00026139585386,60
group,4.60869565217,23,0.000196096672489,0.000462469587598,106
forest,4.60869565217,23,0.000196096672489,0.000462469587598,106
rusher,4.6,10,0.000195726678767,0.000201073733738,46
spain,4.6,10,0.000195726678767,0.000201073733738,46
animals,4.56451612903,62,0.000194216865677,0.00124665714918,283
bunny,4.5625,16,0.000194131080843,0.000321717973981,73
painting,4.55555555556,18,0.000193835599745,0.000361932720729,82
good,4.54545454545,11,0.000193405809059,0.000221181107112,50
italy,4.54545454545,11,0.000193405809059,0.000221181107112,50
z,4.52941176471,17,0.000192723200321,0.000341825347355,77
family,4.51851851852,27,0.00019225970056,0.000542899081093,122
trading,4.5,10,0.000191471750968,0.000201073733738,45
answer,4.5,10,0.000191471750968,0.000201073733738,45
service,4.5,18,0.000191471750968,0.000361932720729,81
crash,4.5,10,0.000191471750968,0.000201073733738,45
rescue,4.5,14,0.000191471750968,0.000281503227233,63
letters,4.5,10,0.000191471750968,0.000201073733738,45
trump,4.5,14,0.000191471750968,0.000281503227233,63
guide,4.46614583333,384,0.000190031280619,0.00772123137555,1715
fish,4.46153846154,13,0.000189835240276,0.00026139585386,58
magazine,4.45833333333,24,0.000189698864385,0.000482576960972,107
roller,4.44444444444,18,0.000189107902191,0.000361932720729,80
bank,4.42857142857,42,0.000188432516826,0.0008445096817,186
n,4.42222222222,45,0.00018816236268,0.000904831801822,199
masterpiece,4.41666666667,12,0.000187925977802,0.000241288480486,53
ride,4.41176470588,17,0.00018771740291,0.000341825347355,75
fashion,4.38461538462,13,0.000186562218892,0.00026139585386,57
house,4.34782608696,23,0.000184996860839,0.000462469587598,100
girls,4.3125,32,0.000183493761344,0.000643435947962,138
fruit,4.3,10,0.000182961895369,0.000201073733738,43
cats,4.3,10,0.000182961895369,0.000201073733738,43
international,4.29411764706,17,0.000182711605499,0.000341825347355,73
e,4.29166666667,48,0.000182607318053,0.000965153921943,206
truck,4.28571428571,35,0.000182354048541,0.000703758068084,150
skins,4.28571428571,14,0.000182354048541,0.000281503227233,60
tiny,4.27777777778,18,0.000182016355858,0.000361932720729,77
flights,4.27272727273,11,0.000181801460515,0.000221181107112,47
german,4.25,20,0.00018083443147,0.000402147467476,85
short,4.25,12,0.00018083443147,0.000241288480486,51
angry,4.25,12,0.00018083443147,0.000241288480486,51
p,4.23333333333,30,0.000180125276837,0.000603221201214,127
health,4.22916666667,48,0.000179947988178,0.000965153921943,203
league,4.2,10,0.00017870696757,0.000201073733738,42
basic,4.1875,16,0.000178175101595,0.000321717973981,67
australia,4.18181818182,11,0.000177933344334,0.000221181107112,46
al,4.17647058824,17,0.000177705808088,0.000341825347355,71
coaster,4.17647058824,17,0.000177705808088,0.000341825347355,71
vocabulary,4.16666666667,18,0.000177288658304,0.000361932720729,75
fit,4.15789473684,19,0.000176915419023,0.000382040094103,79
dinosaur,4.15384615385,13,0.00017674315474,0.00026139585386,54
champions,4.14285714286,14,0.000176275580256,0.000281503227233,58
quran,4.14285714286,14,0.000176275580256,0.000281503227233,58
c,4.11538461538,52,0.000175106644048,0.00104558341544,214
bay,4.1,10,0.000174452039771,0.000201073733738,41
paleo,4.1,10,0.000174452039771,0.000201073733738,41
scores,4.1,10,0.000174452039771,0.000201073733738,41
nh,4.09523809524,21,0.000174249424161,0.00042225484085,86
g,4.09090909091,11,0.000174065228153,0.000221181107112,45
credit,4.07692307692,13,0.000173470133356,0.00026139585386,53
lake,4.07142857143,14,0.000173236346114,0.000281503227233,57
blood,4.0625,16,0.000172856441846,0.000321717973981,65
children,4.05555555556,18,0.000172560960749,0.000361932720729,73
kids,4.01298701299,231,0.000170749699997,0.00464480324935,927
ant,4.0,11,0.000170197111972,0.000221181107112,44
u,4.0,22,0.000170197111972,0.000442362214224,88
boy,4.0,15,0.000170197111972,0.000301610600607,60
experience,4.0,13,0.000170197111972,0.00026139585386,52
greetings,4.0,10,0.000170197111972,0.000201073733738,40
academy,4.0,15,0.000170197111972,0.000301610600607,60
q,3.96153846154,26,0.00016856060128,0.000522791707719,103
penalty,3.95833333333,24,0.000168424225389,0.000482576960972,95
salon,3.95454545455,22,0.000168263053881,0.000442362214224,87
wall,3.95238095238,21,0.000168170955877,0.00042225484085,83
yoga,3.94594594595,37,0.000167897150999,0.000743972814831,146
en,3.93548387097,31,0.000167451997262,0.000623328574588,122
building,3.93333333333,15,0.000167360493439,0.000301610600607,59
mobil,3.90909090909,11,0.00016632899579,0.000221181107112,43
sport,3.875,16,0.000164878452222,0.000321717973981,62
f,3.84615384615,13,0.000163651069203,0.00026139585386,50
score,3.84,25,0.000163389227493,0.000502684334345,96
recipes,3.81081081081,37,0.000162147248568,0.000743972814831,141
v,3.8,25,0.000161687256373,0.000502684334345,95
slots,3.8,15,0.000161687256373,0.000301610600607,57
et,3.8,10,0.000161687256373,0.000201073733738,38
bear,3.78947368421,19,0.000161239369236,0.000382040094103,72
jungle,3.77777777778,18,0.000160741716862,0.000361932720729,68
egg,3.72727272727,11,0.000158592763428,0.000221181107112,41
learning,3.71428571429,56,0.000158040175402,0.00112601290893,208
team,3.70833333333,24,0.00015778690589,0.000482576960972,89
simply,3.7,10,0.000157432328574,0.000201073733738,37
spanish,3.7,20,0.000157432328574,0.000402147467476,74
deep,3.7,10,0.000157432328574,0.000201073733738,37
para,3.69230769231,13,0.000157105026435,0.00026139585386,48
school,3.68888888889,45,0.000156959558818,0.000904831801822,166
princess,3.65,20,0.000155304864674,0.000402147467476,73
hockey,3.6,10,0.000153177400774,0.000201073733738,36
veterinary,3.6,10,0.000153177400774,0.000201073733738,36
review,3.59090909091,44,0.000152790589156,0.000884724428448,158
guess,3.58333333333,12,0.000152468246141,0.000241288480486,43
loan,3.54545454545,11,0.000150856531066,0.000221181107112,39
indian,3.54545454545,11,0.000150856531066,0.000221181107112,39
puzzles,3.52,25,0.000149773458535,0.000502684334345,88
da,3.5,10,0.000148922472975,0.000201073733738,35
rádio,3.5,12,0.000148922472975,0.000241288480486,42
wild,3.46153846154,13,0.000147285962283,0.00026139585386,45
nursing,3.42857142857,14,0.000145883238833,0.000281503227233,48
forum,3.41666666667,12,0.000145376699809,0.000241288480486,41
summit,3.41666666667,12,0.000145376699809,0.000241288480486,41
survey,3.4,10,0.000144667545176,0.000201073733738,34
uae,3.4,10,0.000144667545176,0.000201073733738,34
trail,3.4,10,0.000144667545176,0.000201073733738,34
kindergarten,3.4,10,0.000144667545176,0.000201073733738,34
la,3.39473684211,38,0.000144443601607,0.000764080188205,129
jigsaw,3.38571428571,70,0.000144059698347,0.00140751613617,237
market,3.375,16,0.000143603813226,0.000321717973981,54
abc,3.36666666667,30,0.000143249235909,0.000603221201214,101
kid,3.35714285714,28,0.00014284400469,0.000563006454467,94
little,3.35483870968,31,0.000142745964879,0.000623328574588,104
cooking,3.33333333333,15,0.000141830926643,0.000301610600607,50
country,3.31578947368,19,0.000141084448082,0.000382040094103,63
texas,3.30769230769,13,0.000140739919515,0.00026139585386,43
d,3.30434782609,23,0.000140597614237,0.000462469587598,76
spelling,3.3,10,0.000140412617377,0.000201073733738,33
america,3.3,10,0.000140412617377,0.000201073733738,33
korean,3.28571428571,14,0.000139804770548,0.000281503227233,46
strength,3.25,12,0.000138285153477,0.000241288480486,39
ipl,3.23076923077,26,0.000137466898131,0.000522791707719,84
el,3.21739130435,23,0.000136897677021,0.000462469587598,74
trivia,3.2,10,0.000136157689577,0.000201073733738,32
alphabet,3.2,20,0.000136157689577,0.000402147467476,64
golf,3.17647058824,34,0.000135156530095,0.00068365069471,108
prep,3.15384615385,65,0.000134193876747,0.0013069792693,205
tour,3.15384615385,13,0.000134193876747,0.00026139585386,41
de,3.14432989691,97,0.000133788966885,0.00195041521726,305
exam,3.14141414141,99,0.000133664903594,0.00199062996401,311
toddler,3.13333333333,15,0.000133321071044,0.000301610600607,47
casino,3.13333333333,15,0.000133321071044,0.000301610600607,47
south,3.11764705882,17,0.00013265363139,0.000341825347355,53
technology,3.1,10,0.000131902761778,0.000201073733738,31
baptist,3.1,10,0.000131902761778,0.000201073733738,31
financial,3.09523809524,21,0.000131700146168,0.00042225484085,65
county,3.09090909091,11,0.00013151595016,0.000221181107112,34
spa,3.07692307692,13,0.000130920855363,0.00026139585386,40
com,3.06666666667,15,0.000130484452512,0.000301610600607,46
vi,3.06666666667,15,0.000130484452512,0.000301610600607,46
community,3.05,20,0.000129775297878,0.000402147467476,61
flashcards,3.02941176471,34,0.000128899283331,0.00068365069471,103
drug,3.0,10,0.000127647833979,0.000201073733738,30
farm,3.0,19,0.000127647833979,0.000382040094103,57
french,2.94444444444,18,0.000125283985201,0.000361932720729,53
lucky,2.91666666667,12,0.000124102060813,0.000241288480486,35
mortgage,2.90909090909,11,0.000123779717798,0.000221181107112,32
ps,2.9,20,0.000123392906179,0.000402147467476,58
nurse,2.9,10,0.000123392906179,0.000201073733738,29
cricket,2.84210526316,19,0.000120929526927,0.000382040094103,54
club,2.82051282051,39,0.000120010784083,0.000784187561579,110
meal,2.81818181818,11,0.000119911601616,0.000221181107112,31
chatstick,2.76,25,0.00011743600726,0.000502684334345,69
taxi,2.75,36,0.00011701051448,0.000723865441457,99
dasher,2.72727272727,11,0.000116043485435,0.000221181107112,30
asia,2.72727272727,11,0.000116043485435,0.000221181107112,30
phonics,2.7,10,0.000114883050581,0.000201073733738,27
ch,2.66666666667,12,0.000113464741314,0.000241288480486,32
hindi,2.63636363636,22,0.000112175369254,0.000442362214224,58
preschool,2.63636363636,11,0.000112175369254,0.000221181107112,29
matching,2.63636363636,11,0.000112175369254,0.000221181107112,29
georgia,2.6,10,0.000110628122782,0.000201073733738,26
meeting,2.57142857143,14,0.000109412429125,0.000281503227233,36
explore,2.52380952381,21,0.00010738627303,0.00042225484085,53
ultimative,2.5,10,0.000106373194982,0.000201073733738,25
trails,2.5,22,0.000106373194982,0.000442362214224,55
zwölfter,2.45454545455,11,0.000104439136892,0.000221181107112,27
st,2.42222222222,45,0.000103063806694,0.000904831801822,109
le,2.38888888889,18,0.000101645497427,0.000361932720729,43
sc,2.38461538462,13,0.000101463662906,0.00026139585386,31
church,2.37209302326,43,0.000100930845472,0.000864617055074,102
conference,2.32142857143,28,9.87751096264e-05,0.000563006454467,65
hotel,2.3125,16,9.83952053586e-05,0.000321717973981,37
island,2.30555555556,36,9.80997242614e-05,0.000723865441457,83
brazil,2.3,10,9.78633393837e-05,0.000201073733738,23
estate,2.27272727273,11,9.67029045293e-05,0.000221181107112,25
banking,2.26666666667,15,9.64450301172e-05,0.000301610600607,34
amino,2.22222222222,18,9.45539510953e-05,0.000361932720729,40
annual,2.15384615385,13,9.16445987539e-05,0.00026139585386,28
guided,2.05,20,8.72260198854e-05,0.000402147467476,41
state,2.0,12,8.50985559858e-05,0.000241288480486,24
ca,1.9,10,8.08436281865e-05,0.000201073733738,19
homes,1.9,10,8.08436281865e-05,0.000201073733738,19
taxigram,1.86666666667,15,7.94253189201e-05,0.000301610600607,28
campgrounds,1.6875,16,7.1801906613e-05,0.000321717973981,27
pharmacy,1.28571428571,14,5.47062145623e-05,0.000281503227233,18
